{
  "aggregate_score": 0.18053165078163147,
  "ptm": 0.902658224105835,
  "iptm": 0.0,
  "per_chain_ptm": 0.902658224105835,
  "per_chain_pair_iptm": 0.902658224105835,
  "has_inter_chain_clashes": false,
  "chain_chain_clashes": 0
}