{
  "aggregate_score": 0.18054234981536865,
  "ptm": 0.9027117490768433,
  "iptm": 0.0,
  "per_chain_ptm": 0.9027117490768433,
  "per_chain_pair_iptm": 0.9027117490768433,
  "has_inter_chain_clashes": false,
  "chain_chain_clashes": 0
}