{
  "aggregate_score": 0.18046559393405914,
  "ptm": 0.9023279547691345,
  "iptm": 0.0,
  "per_chain_ptm": 0.9023279547691345,
  "per_chain_pair_iptm": 0.9023279547691345,
  "has_inter_chain_clashes": false,
  "chain_chain_clashes": 0
}