{
  "aggregate_score": 0.1805092841386795,
  "ptm": 0.9025464057922363,
  "iptm": 0.0,
  "per_chain_ptm": 0.9025464057922363,
  "per_chain_pair_iptm": 0.9025464057922363,
  "has_inter_chain_clashes": false,
  "chain_chain_clashes": 0
}