{
  "aggregate_score": 0.1805720329284668,
  "ptm": 0.902860164642334,
  "iptm": 0.0,
  "per_chain_ptm": 0.902860164642334,
  "per_chain_pair_iptm": 0.902860164642334,
  "has_inter_chain_clashes": false,
  "chain_chain_clashes": 0
}