{
  "aggregate_score": 0.1805935949087143,
  "ptm": 0.9029679298400879,
  "iptm": 0.0,
  "per_chain_ptm": 0.9029679298400879,
  "per_chain_pair_iptm": 0.9029679298400879,
  "has_inter_chain_clashes": false,
  "chain_chain_clashes": 0
}