{
  "aggregate_score": 0.18066395819187164,
  "ptm": 0.903319776058197,
  "iptm": 0.0,
  "per_chain_ptm": 0.903319776058197,
  "per_chain_pair_iptm": 0.903319776058197,
  "has_inter_chain_clashes": false,
  "chain_chain_clashes": 0
}