{
  "aggregate_score": 0.18051777780056,
  "ptm": 0.9025888442993164,
  "iptm": 0.0,
  "per_chain_ptm": 0.9025888442993164,
  "per_chain_pair_iptm": 0.9025888442993164,
  "has_inter_chain_clashes": false,
  "chain_chain_clashes": 0
}