{
  "aggregate_score": 0.18058958649635315,
  "ptm": 0.9029479026794434,
  "iptm": 0.0,
  "per_chain_ptm": 0.9029479026794434,
  "per_chain_pair_iptm": 0.9029479026794434,
  "has_inter_chain_clashes": false,
  "chain_chain_clashes": 0
}