{
  "aggregate_score": 0.18056432902812958,
  "ptm": 0.9028216600418091,
  "iptm": 0.0,
  "per_chain_ptm": 0.9028216600418091,
  "per_chain_pair_iptm": 0.9028216600418091,
  "has_inter_chain_clashes": false,
  "chain_chain_clashes": 0
}