{
  "aggregate_score": 0.1283189356327057,
  "ptm": 0.641594648361206,
  "iptm": 0.0,
  "per_chain_ptm": 0.641594648361206,
  "per_chain_pair_iptm": 0.641594648361206,
  "has_inter_chain_clashes": false,
  "chain_chain_clashes": 0
}