{
  "aggregate_score": 0.12758317589759827,
  "ptm": 0.637915849685669,
  "iptm": 0.0,
  "per_chain_ptm": 0.637915849685669,
  "per_chain_pair_iptm": 0.637915849685669,
  "has_inter_chain_clashes": false,
  "chain_chain_clashes": 0
}