{
  "aggregate_score": 0.12738877534866333,
  "ptm": 0.6369438767433167,
  "iptm": 0.0,
  "per_chain_ptm": 0.6369438767433167,
  "per_chain_pair_iptm": 0.6369438767433167,
  "has_inter_chain_clashes": false,
  "chain_chain_clashes": 0
}