{
  "aggregate_score": 0.12511004507541656,
  "ptm": 0.6255502104759216,
  "iptm": 0.0,
  "per_chain_ptm": 0.6255502104759216,
  "per_chain_pair_iptm": 0.6255502104759216,
  "has_inter_chain_clashes": false,
  "chain_chain_clashes": 0
}