{
  "aggregate_score": 0.15420016646385193,
  "ptm": 0.7710008025169373,
  "iptm": 0.0,
  "per_chain_ptm": 0.7710008025169373,
  "per_chain_pair_iptm": 0.7710008025169373,
  "has_inter_chain_clashes": false,
  "chain_chain_clashes": 0
}