{
  "aggregate_score": 0.15423958003520966,
  "ptm": 0.7711979150772095,
  "iptm": 0.0,
  "per_chain_ptm": 0.7711979150772095,
  "per_chain_pair_iptm": 0.7711979150772095,
  "has_inter_chain_clashes": false,
  "chain_chain_clashes": 0
}