{
  "aggregate_score": 0.18751160800457,
  "ptm": 0.9375579953193665,
  "iptm": 0.0,
  "per_chain_ptm": 0.9375579953193665,
  "per_chain_pair_iptm": 0.9375579953193665,
  "has_inter_chain_clashes": false,
  "chain_chain_clashes": 0
}