{
  "aggregate_score": 0.1874939203262329,
  "ptm": 0.9374696016311646,
  "iptm": 0.0,
  "per_chain_ptm": 0.9374696016311646,
  "per_chain_pair_iptm": 0.9374696016311646,
  "has_inter_chain_clashes": false,
  "chain_chain_clashes": 0
}