{
  "aggregate_score": 0.18759268522262573,
  "ptm": 0.9379634261131287,
  "iptm": 0.0,
  "per_chain_ptm": 0.9379634261131287,
  "per_chain_pair_iptm": 0.9379634261131287,
  "has_inter_chain_clashes": false,
  "chain_chain_clashes": 0
}