{
  "aggregate_score": 0.17860691249370575,
  "ptm": 0.8930345773696899,
  "iptm": 0.0,
  "per_chain_ptm": 0.8930345773696899,
  "per_chain_pair_iptm": 0.8930345773696899,
  "has_inter_chain_clashes": false,
  "chain_chain_clashes": 0
}