{
  "aggregate_score": 0.17851491272449493,
  "ptm": 0.8925745487213135,
  "iptm": 0.0,
  "per_chain_ptm": 0.8925745487213135,
  "per_chain_pair_iptm": 0.8925745487213135,
  "has_inter_chain_clashes": false,
  "chain_chain_clashes": 0
}