{
  "aggregate_score": 0.17828917503356934,
  "ptm": 0.8914458751678467,
  "iptm": 0.0,
  "per_chain_ptm": 0.8914458751678467,
  "per_chain_pair_iptm": 0.8914458751678467,
  "has_inter_chain_clashes": false,
  "chain_chain_clashes": 0
}