{
  "aggregate_score": 0.17920564115047455,
  "ptm": 0.8960281610488892,
  "iptm": 0.0,
  "per_chain_ptm": 0.8960281610488892,
  "per_chain_pair_iptm": 0.8960281610488892,
  "has_inter_chain_clashes": false,
  "chain_chain_clashes": 0
}