{
  "aggregate_score": 0.17769137024879456,
  "ptm": 0.8884568214416504,
  "iptm": 0.0,
  "per_chain_ptm": 0.8884568214416504,
  "per_chain_pair_iptm": 0.8884568214416504,
  "has_inter_chain_clashes": false,
  "chain_chain_clashes": 0
}