{
  "aggregate_score": 0.18733401596546173,
  "ptm": 0.9366700649261475,
  "iptm": 0.0,
  "per_chain_ptm": 0.9366700649261475,
  "per_chain_pair_iptm": 0.9366700649261475,
  "has_inter_chain_clashes": false,
  "chain_chain_clashes": 0
}