{
  "aggregate_score": 0.1872595101594925,
  "ptm": 0.9362975358963013,
  "iptm": 0.0,
  "per_chain_ptm": 0.9362975358963013,
  "per_chain_pair_iptm": 0.9362975358963013,
  "has_inter_chain_clashes": false,
  "chain_chain_clashes": 0
}