{
  "aggregate_score": 0.1872425228357315,
  "ptm": 0.9362125992774963,
  "iptm": 0.0,
  "per_chain_ptm": 0.9362125992774963,
  "per_chain_pair_iptm": 0.9362125992774963,
  "has_inter_chain_clashes": false,
  "chain_chain_clashes": 0
}