{
  "aggregate_score": 0.18713176250457764,
  "ptm": 0.9356588125228882,
  "iptm": 0.0,
  "per_chain_ptm": 0.9356588125228882,
  "per_chain_pair_iptm": 0.9356588125228882,
  "has_inter_chain_clashes": false,
  "chain_chain_clashes": 0
}