{
  "aggregate_score": 0.1872604638338089,
  "ptm": 0.9363023042678833,
  "iptm": 0.0,
  "per_chain_ptm": 0.9363023042678833,
  "per_chain_pair_iptm": 0.9363023042678833,
  "has_inter_chain_clashes": false,
  "chain_chain_clashes": 0
}