{
  "aggregate_score": 0.16237670183181763,
  "ptm": 0.8118835091590881,
  "iptm": 0.0,
  "per_chain_ptm": 0.8118835091590881,
  "per_chain_pair_iptm": 0.8118835091590881,
  "has_inter_chain_clashes": false,
  "chain_chain_clashes": 0
}