{
  "aggregate_score": 0.16247431933879852,
  "ptm": 0.8123716115951538,
  "iptm": 0.0,
  "per_chain_ptm": 0.8123716115951538,
  "per_chain_pair_iptm": 0.8123716115951538,
  "has_inter_chain_clashes": false,
  "chain_chain_clashes": 0
}