{
  "aggregate_score": 0.1624055951833725,
  "ptm": 0.8120279908180237,
  "iptm": 0.0,
  "per_chain_ptm": 0.8120279908180237,
  "per_chain_pair_iptm": 0.8120279908180237,
  "has_inter_chain_clashes": false,
  "chain_chain_clashes": 0
}