{
  "aggregate_score": 0.16252176463603973,
  "ptm": 0.8126088380813599,
  "iptm": 0.0,
  "per_chain_ptm": 0.8126088380813599,
  "per_chain_pair_iptm": 0.8126088380813599,
  "has_inter_chain_clashes": false,
  "chain_chain_clashes": 0
}