{
  "aggregate_score": 0.19074909389019012,
  "ptm": 0.9537454843521118,
  "iptm": 0.0,
  "per_chain_ptm": 0.9537454843521118,
  "per_chain_pair_iptm": 0.9537454843521118,
  "has_inter_chain_clashes": false,
  "chain_chain_clashes": 0
}