{
  "aggregate_score": 0.1907915472984314,
  "ptm": 0.953957736492157,
  "iptm": 0.0,
  "per_chain_ptm": 0.953957736492157,
  "per_chain_pair_iptm": 0.953957736492157,
  "has_inter_chain_clashes": false,
  "chain_chain_clashes": 0
}