{
  "aggregate_score": 0.17855310440063477,
  "ptm": 0.8927655220031738,
  "iptm": 0.0,
  "per_chain_ptm": 0.8927655220031738,
  "per_chain_pair_iptm": 0.8927655220031738,
  "has_inter_chain_clashes": false,
  "chain_chain_clashes": 0
}