{
  "aggregate_score": 0.17902736365795135,
  "ptm": 0.895136833190918,
  "iptm": 0.0,
  "per_chain_ptm": 0.895136833190918,
  "per_chain_pair_iptm": 0.895136833190918,
  "has_inter_chain_clashes": false,
  "chain_chain_clashes": 0
}