{
  "aggregate_score": 0.17864000797271729,
  "ptm": 0.8932000398635864,
  "iptm": 0.0,
  "per_chain_ptm": 0.8932000398635864,
  "per_chain_pair_iptm": 0.8932000398635864,
  "has_inter_chain_clashes": false,
  "chain_chain_clashes": 0
}