{
  "aggregate_score": 0.17895974218845367,
  "ptm": 0.8947986960411072,
  "iptm": 0.0,
  "per_chain_ptm": 0.8947986960411072,
  "per_chain_pair_iptm": 0.8947986960411072,
  "has_inter_chain_clashes": false,
  "chain_chain_clashes": 0
}