{
  "aggregate_score": 0.18733380734920502,
  "ptm": 0.9366690516471863,
  "iptm": 0.0,
  "per_chain_ptm": 0.9366690516471863,
  "per_chain_pair_iptm": 0.9366690516471863,
  "has_inter_chain_clashes": false,
  "chain_chain_clashes": 0
}