{
  "aggregate_score": 0.18742956221103668,
  "ptm": 0.9371477961540222,
  "iptm": 0.0,
  "per_chain_ptm": 0.9371477961540222,
  "per_chain_pair_iptm": 0.9371477961540222,
  "has_inter_chain_clashes": false,
  "chain_chain_clashes": 0
}