{
  "aggregate_score": 0.18747559189796448,
  "ptm": 0.9373779296875,
  "iptm": 0.0,
  "per_chain_ptm": 0.9373779296875,
  "per_chain_pair_iptm": 0.9373779296875,
  "has_inter_chain_clashes": false,
  "chain_chain_clashes": 0
}