{
  "aggregate_score": 0.18746642768383026,
  "ptm": 0.9373320937156677,
  "iptm": 0.0,
  "per_chain_ptm": 0.9373320937156677,
  "per_chain_pair_iptm": 0.9373320937156677,
  "has_inter_chain_clashes": false,
  "chain_chain_clashes": 0
}