{
  "aggregate_score": 0.17908672988414764,
  "ptm": 0.8954336643218994,
  "iptm": 0.0,
  "per_chain_ptm": 0.8954336643218994,
  "per_chain_pair_iptm": 0.8954336643218994,
  "has_inter_chain_clashes": false,
  "chain_chain_clashes": 0
}