{
  "aggregate_score": 0.17912501096725464,
  "ptm": 0.8956250548362732,
  "iptm": 0.0,
  "per_chain_ptm": 0.8956250548362732,
  "per_chain_pair_iptm": 0.8956250548362732,
  "has_inter_chain_clashes": false,
  "chain_chain_clashes": 0
}