{
  "aggregate_score": 0.17896956205368042,
  "ptm": 0.8948478102684021,
  "iptm": 0.0,
  "per_chain_ptm": 0.8948478102684021,
  "per_chain_pair_iptm": 0.8948478102684021,
  "has_inter_chain_clashes": false,
  "chain_chain_clashes": 0
}