{
  "aggregate_score": 0.17932887375354767,
  "ptm": 0.8966443538665771,
  "iptm": 0.0,
  "per_chain_ptm": 0.8966443538665771,
  "per_chain_pair_iptm": 0.8966443538665771,
  "has_inter_chain_clashes": false,
  "chain_chain_clashes": 0
}