{
  "aggregate_score": 0.1792791783809662,
  "ptm": 0.8963958621025085,
  "iptm": 0.0,
  "per_chain_ptm": 0.8963958621025085,
  "per_chain_pair_iptm": 0.8963958621025085,
  "has_inter_chain_clashes": false,
  "chain_chain_clashes": 0
}