{
  "aggregate_score": 0.18631479144096375,
  "ptm": 0.9315739274024963,
  "iptm": 0.0,
  "per_chain_ptm": 0.9315739274024963,
  "per_chain_pair_iptm": 0.9315739274024963,
  "has_inter_chain_clashes": false,
  "chain_chain_clashes": 0
}