{
  "aggregate_score": 0.18640096485614777,
  "ptm": 0.9320048093795776,
  "iptm": 0.0,
  "per_chain_ptm": 0.9320048093795776,
  "per_chain_pair_iptm": 0.9320048093795776,
  "has_inter_chain_clashes": false,
  "chain_chain_clashes": 0
}