{
  "aggregate_score": 0.18647028505802155,
  "ptm": 0.9323514103889465,
  "iptm": 0.0,
  "per_chain_ptm": 0.9323514103889465,
  "per_chain_pair_iptm": 0.9323514103889465,
  "has_inter_chain_clashes": false,
  "chain_chain_clashes": 0
}