{
  "aggregate_score": 0.1864953339099884,
  "ptm": 0.9324766397476196,
  "iptm": 0.0,
  "per_chain_ptm": 0.9324766397476196,
  "per_chain_pair_iptm": 0.9324766397476196,
  "has_inter_chain_clashes": false,
  "chain_chain_clashes": 0
}