{
  "aggregate_score": 0.1880108118057251,
  "ptm": 0.9400540590286255,
  "iptm": 0.0,
  "per_chain_ptm": 0.9400540590286255,
  "per_chain_pair_iptm": 0.9400540590286255,
  "has_inter_chain_clashes": false,
  "chain_chain_clashes": 0
}