{
  "aggregate_score": 0.1880423128604889,
  "ptm": 0.9402115345001221,
  "iptm": 0.0,
  "per_chain_ptm": 0.9402115345001221,
  "per_chain_pair_iptm": 0.9402115345001221,
  "has_inter_chain_clashes": false,
  "chain_chain_clashes": 0
}