{
  "aggregate_score": 0.18807554244995117,
  "ptm": 0.9403777122497559,
  "iptm": 0.0,
  "per_chain_ptm": 0.9403777122497559,
  "per_chain_pair_iptm": 0.9403777122497559,
  "has_inter_chain_clashes": false,
  "chain_chain_clashes": 0
}