{
  "aggregate_score": 0.18796943128108978,
  "ptm": 0.9398471713066101,
  "iptm": 0.0,
  "per_chain_ptm": 0.9398471713066101,
  "per_chain_pair_iptm": 0.9398471713066101,
  "has_inter_chain_clashes": false,
  "chain_chain_clashes": 0
}