{
  "aggregate_score": 0.187983438372612,
  "ptm": 0.9399171471595764,
  "iptm": 0.0,
  "per_chain_ptm": 0.9399171471595764,
  "per_chain_pair_iptm": 0.9399171471595764,
  "has_inter_chain_clashes": false,
  "chain_chain_clashes": 0
}