{
  "aggregate_score": 0.18806761503219604,
  "ptm": 0.9403380751609802,
  "iptm": 0.0,
  "per_chain_ptm": 0.9403380751609802,
  "per_chain_pair_iptm": 0.9403380751609802,
  "has_inter_chain_clashes": false,
  "chain_chain_clashes": 0
}