{
  "aggregate_score": 0.1879747211933136,
  "ptm": 0.9398735761642456,
  "iptm": 0.0,
  "per_chain_ptm": 0.9398735761642456,
  "per_chain_pair_iptm": 0.9398735761642456,
  "has_inter_chain_clashes": false,
  "chain_chain_clashes": 0
}