{
  "aggregate_score": 0.1879485696554184,
  "ptm": 0.9397428035736084,
  "iptm": 0.0,
  "per_chain_ptm": 0.9397428035736084,
  "per_chain_pair_iptm": 0.9397428035736084,
  "has_inter_chain_clashes": false,
  "chain_chain_clashes": 0
}