{
  "aggregate_score": 0.1896371990442276,
  "ptm": 0.9481859803199768,
  "iptm": 0.0,
  "per_chain_ptm": 0.9481859803199768,
  "per_chain_pair_iptm": 0.9481859803199768,
  "has_inter_chain_clashes": false,
  "chain_chain_clashes": 0
}