{
  "aggregate_score": 0.18965016305446625,
  "ptm": 0.9482508301734924,
  "iptm": 0.0,
  "per_chain_ptm": 0.9482508301734924,
  "per_chain_pair_iptm": 0.9482508301734924,
  "has_inter_chain_clashes": false,
  "chain_chain_clashes": 0
}