{
  "aggregate_score": 0.18935558199882507,
  "ptm": 0.946777880191803,
  "iptm": 0.0,
  "per_chain_ptm": 0.946777880191803,
  "per_chain_pair_iptm": 0.946777880191803,
  "has_inter_chain_clashes": false,
  "chain_chain_clashes": 0
}