{
  "aggregate_score": 0.1895889937877655,
  "ptm": 0.9479449391365051,
  "iptm": 0.0,
  "per_chain_ptm": 0.9479449391365051,
  "per_chain_pair_iptm": 0.9479449391365051,
  "has_inter_chain_clashes": false,
  "chain_chain_clashes": 0
}