{
  "aggregate_score": 0.18457551300525665,
  "ptm": 0.9228775501251221,
  "iptm": 0.0,
  "per_chain_ptm": 0.9228775501251221,
  "per_chain_pair_iptm": 0.9228775501251221,
  "has_inter_chain_clashes": false,
  "chain_chain_clashes": 0
}