{
  "aggregate_score": 0.18439309298992157,
  "ptm": 0.921965479850769,
  "iptm": 0.0,
  "per_chain_ptm": 0.921965479850769,
  "per_chain_pair_iptm": 0.921965479850769,
  "has_inter_chain_clashes": false,
  "chain_chain_clashes": 0
}