{
  "aggregate_score": 0.18445637822151184,
  "ptm": 0.9222818613052368,
  "iptm": 0.0,
  "per_chain_ptm": 0.9222818613052368,
  "per_chain_pair_iptm": 0.9222818613052368,
  "has_inter_chain_clashes": false,
  "chain_chain_clashes": 0
}