{
  "aggregate_score": 0.18455658853054047,
  "ptm": 0.9227828979492188,
  "iptm": 0.0,
  "per_chain_ptm": 0.9227828979492188,
  "per_chain_pair_iptm": 0.9227828979492188,
  "has_inter_chain_clashes": false,
  "chain_chain_clashes": 0
}