{
  "aggregate_score": 0.18451136350631714,
  "ptm": 0.9225568175315857,
  "iptm": 0.0,
  "per_chain_ptm": 0.9225568175315857,
  "per_chain_pair_iptm": 0.9225568175315857,
  "has_inter_chain_clashes": false,
  "chain_chain_clashes": 0
}