{
  "aggregate_score": 0.19510219991207123,
  "ptm": 0.9755110144615173,
  "iptm": 0.0,
  "per_chain_ptm": 0.9755110144615173,
  "per_chain_pair_iptm": 0.9755110144615173,
  "has_inter_chain_clashes": false,
  "chain_chain_clashes": 0
}