{
  "aggregate_score": 0.19509096443653107,
  "ptm": 0.9754548072814941,
  "iptm": 0.0,
  "per_chain_ptm": 0.9754548072814941,
  "per_chain_pair_iptm": 0.9754548072814941,
  "has_inter_chain_clashes": false,
  "chain_chain_clashes": 0
}