{
  "aggregate_score": 0.19515129923820496,
  "ptm": 0.9757564663887024,
  "iptm": 0.0,
  "per_chain_ptm": 0.9757564663887024,
  "per_chain_pair_iptm": 0.9757564663887024,
  "has_inter_chain_clashes": false,
  "chain_chain_clashes": 0
}