{
  "aggregate_score": 0.19509737193584442,
  "ptm": 0.9754868149757385,
  "iptm": 0.0,
  "per_chain_ptm": 0.9754868149757385,
  "per_chain_pair_iptm": 0.9754868149757385,
  "has_inter_chain_clashes": false,
  "chain_chain_clashes": 0
}