{
  "aggregate_score": 0.19505111873149872,
  "ptm": 0.97525554895401,
  "iptm": 0.0,
  "per_chain_ptm": 0.97525554895401,
  "per_chain_pair_iptm": 0.97525554895401,
  "has_inter_chain_clashes": false,
  "chain_chain_clashes": 0
}