{
  "aggregate_score": 0.18988648056983948,
  "ptm": 0.949432373046875,
  "iptm": 0.0,
  "per_chain_ptm": 0.949432373046875,
  "per_chain_pair_iptm": 0.949432373046875,
  "has_inter_chain_clashes": false,
  "chain_chain_clashes": 0
}