{
  "aggregate_score": 0.18994270265102386,
  "ptm": 0.9497134685516357,
  "iptm": 0.0,
  "per_chain_ptm": 0.9497134685516357,
  "per_chain_pair_iptm": 0.9497134685516357,
  "has_inter_chain_clashes": false,
  "chain_chain_clashes": 0
}