{
  "aggregate_score": 0.1900181770324707,
  "ptm": 0.9500908851623535,
  "iptm": 0.0,
  "per_chain_ptm": 0.9500908851623535,
  "per_chain_pair_iptm": 0.9500908851623535,
  "has_inter_chain_clashes": false,
  "chain_chain_clashes": 0
}