{
  "aggregate_score": 0.18996562063694,
  "ptm": 0.9498280882835388,
  "iptm": 0.0,
  "per_chain_ptm": 0.9498280882835388,
  "per_chain_pair_iptm": 0.9498280882835388,
  "has_inter_chain_clashes": false,
  "chain_chain_clashes": 0
}