{
  "aggregate_score": 0.1854662150144577,
  "ptm": 0.9273310899734497,
  "iptm": 0.0,
  "per_chain_ptm": 0.9273310899734497,
  "per_chain_pair_iptm": 0.9273310899734497,
  "has_inter_chain_clashes": false,
  "chain_chain_clashes": 0
}