{
  "aggregate_score": 0.18544058501720428,
  "ptm": 0.9272029399871826,
  "iptm": 0.0,
  "per_chain_ptm": 0.9272029399871826,
  "per_chain_pair_iptm": 0.9272029399871826,
  "has_inter_chain_clashes": false,
  "chain_chain_clashes": 0
}