{
  "aggregate_score": 0.18508751690387726,
  "ptm": 0.9254375696182251,
  "iptm": 0.0,
  "per_chain_ptm": 0.9254375696182251,
  "per_chain_pair_iptm": 0.9254375696182251,
  "has_inter_chain_clashes": false,
  "chain_chain_clashes": 0
}