{
  "aggregate_score": 0.18533968925476074,
  "ptm": 0.9266984462738037,
  "iptm": 0.0,
  "per_chain_ptm": 0.9266984462738037,
  "per_chain_pair_iptm": 0.9266984462738037,
  "has_inter_chain_clashes": false,
  "chain_chain_clashes": 0
}