{
  "aggregate_score": 0.18547025322914124,
  "ptm": 0.9273512363433838,
  "iptm": 0.0,
  "per_chain_ptm": 0.9273512363433838,
  "per_chain_pair_iptm": 0.9273512363433838,
  "has_inter_chain_clashes": false,
  "chain_chain_clashes": 0
}