{
  "aggregate_score": 0.163056418299675,
  "ptm": 0.8152820467948914,
  "iptm": 0.0,
  "per_chain_ptm": 0.8152820467948914,
  "per_chain_pair_iptm": 0.8152820467948914,
  "has_inter_chain_clashes": false,
  "chain_chain_clashes": 0
}