{
  "aggregate_score": 0.1614873856306076,
  "ptm": 0.8074369430541992,
  "iptm": 0.0,
  "per_chain_ptm": 0.8074369430541992,
  "per_chain_pair_iptm": 0.8074369430541992,
  "has_inter_chain_clashes": false,
  "chain_chain_clashes": 0
}