{
  "aggregate_score": 0.16181080043315887,
  "ptm": 0.8090539574623108,
  "iptm": 0.0,
  "per_chain_ptm": 0.8090539574623108,
  "per_chain_pair_iptm": 0.8090539574623108,
  "has_inter_chain_clashes": false,
  "chain_chain_clashes": 0
}