{
  "aggregate_score": 0.16137009859085083,
  "ptm": 0.8068504929542542,
  "iptm": 0.0,
  "per_chain_ptm": 0.8068504929542542,
  "per_chain_pair_iptm": 0.8068504929542542,
  "has_inter_chain_clashes": false,
  "chain_chain_clashes": 0
}