{
  "aggregate_score": 0.16194108128547668,
  "ptm": 0.809705376625061,
  "iptm": 0.0,
  "per_chain_ptm": 0.809705376625061,
  "per_chain_pair_iptm": 0.809705376625061,
  "has_inter_chain_clashes": false,
  "chain_chain_clashes": 0
}